<?xml version="1.0" encoding="UTF-8"?>

<!DOCTYPE sio SYSTEM "http://lcio.desy.de/doc/sio.dtd">

<!--
    Document   : lcio.xml
    Created on : December 12, 2002, 5:06 PM
    Author     : Frank Gaede, Ties Behnke, Norm Graf, Tony Johnson
    Description:
        Description of LCIO format in sio files.
	Unless specified otherwise the default units used in LCIO files are:
	length: mm, energy: GeV and time ns
-->
<sio>
  <record name="LCIORandomAccess">
     There are two types of LCIORandomAccess records
       file record -- one per file, always first record on file
       index record -- one or more per file, points to associated LCIOIndex record
     <block name="LCIORandomAccess" major="2" minor="7">
         <data type="int" name="runMin"/>
         <data type="int" name="eventMin"/>
         <data type="int" name="runMax"/>
         <data type="int" name="eventMax"/>
         <data type="int" name="nRunHeaders"/>
         <data type="int" name="nEvents"/>
         <data type="int" name="recordsAreInOrder"/>
         <data type="long" name="indexLocation">
            Location in file of associated index. Always null for file record.
         </data>
         <data type="long" name="prevLocation">
            For file record location of first index record in file
            For index record location of previous index record (or null if first)
         </data>
         <data type="long" name="nextLocation">
            For file record location of last index record in file
            For index record location of next index record (or null if last)
         </data>
         <data type="long" name="firstRecordLocation">
             For index record location of the first record associated with this block
         </data>
	 <data type="int" name="recordSize"> ( 0xabcd0000 | sizeOfLCIORandomAccessRecord ) </data>
     </block>
  </record>
  <record name="LCIOIndex">
     <block name="LCIOIndex" major="2" minor="7">
         <data type="int" name="controlWord">
            Bit 0 = single Run
            Bit 1 = long offset required
            Bit 2 = LCParameters included - not yet implemented
         </data>
         <data type="int" name="runMin"/>
         <data type="long" name="baseOffset"/>
         <data type="int" name="size"/>
         <!-- if condition="(controlWord&amp;2)==1">
            <data type="short" name="nIntParameters"/>
            <repeat count="nIntParameters">
                <data type="string" name="key">key (name) of parameter</data>
            </repeat>
            <data type="short" name="nFloatParameters"/>
            <repeat count="nFloatParameters">
                <data type="string" name="key">key (name) of parameter</data>
            </repeat>
            <data type="short" name="nStringParameters"/>
            <repeat count="nStringParameters">
                <data type="string" name="key">key (name) of parameter</data>
            </repeat>
         </if -->
         <repeat count="size">
             <if condition="(controlWord&amp;1)==0">
                <data type="int" name="runOffset">
                    Relative to runMin
                </data>
             </if>
             <data type="int" name="eventNumber">
                Event number, or -1 for run header records
             </data>
             <if condition="(controlWord&amp;2)==1">
                <data type="long" name="locationOffset">
                    Relative to baseOffset
                </data>
             <else/>
                <data type="int" name="locationOffset">
                    Relative to baseOffset
                </data>
             </if>
             <if condition="(controlWord&amp;4)==1">
                <repeat count="nIntParameters">
                    <data type="int" name="value"/>
                </repeat>
                <repeat count="nFloatParameters">
                    <data type="float" name="value"/>
                </repeat>
                <repeat count="nStringParameters">
                    <data type="string" name="value"/>
                </repeat>
             </if>
         </repeat>
     </block>
  </record>
  <record name="LCRunHeader">
     <block name="RunHeader" major="2" minor="7">
        <data type="int" name="runNumber"></data>
        <data type="string" name="detectorName"></data>
        <data type="string" name="description"></data>
        <data type="int" name="nActiveSubdetectors"></data>
        <repeat count="nActiveSubdetectors">
           <data type="string" name="subdetectorName"></data>
        </repeat>
        <include subroutine="namedParameters"/>
     </block>
  </record>  
  <record name="LCEventHeader">
     <block name="EventHeader" major="2" minor="7">
        <data type="int" name="runNumber"></data>
        <data type="int" name="eventNumber"></data>
        <data type="long" name="timeStamp"></data>
        <data type="string" name="detectorName"></data>
        <data type="int" name="nBlockNames"></data>
        <repeat count="nBlockNames">
           <data type="string" name="blockName"></data>
	   <data type="string" name="blockType">e.g. CalorimeterHit, TrackerHit</data>
        </repeat>
        <include subroutine="namedParameters"/>
     </block>
  </record>  
  <record name="LCEvent">
      <block name="MCParticle" major="2" minor="7">
         <data type="int" name="flags"> not yet used, Bits 0-15 user/application dependent</data>
         <include subroutine="namedParameters"/>
	 <data type="int" name="nMC"></data>
         <repeat count="nMC">
            <data type="ptag" name="this"></data>
            <if condition="1000*major+minor&lt;9">
                <data type="pntr" name="parent"></data>
                <data type="pntr" name="secondParent"></data>
                <data type="int" name="nDaughter"></data>
                <repeat count="nDaughter">
                   <data type="pntr" name="daughter"></data>
                </repeat> 
            <else/>
                <data type="int" name="nParent"></data>
                <repeat count="nParent">
                   <data type="pntr" name="parent"></data>
                </repeat>
            </if>   
            <data type="int" name="PDG"></data>
            <data type="int" name="generatorStatus">
                              =0   empty line
                              =1   undecayed particle, stable in the generator
                              =2   particle decayed in the generator
                              =3   documentation line
	    </data>
            <if condition="!(1000*major+minor&lt;9)">
                <data type="int" name="simulatorStatus"></data>
            </if>
            <data type="double[3]" name="vertex">Production vertex</data>
            <if condition="1000*major+minor&gt;1002">
                <data type="float" name="time">creation time of the particle in ns</data>
            </if>
	    <data type="float[3]" name="momentum">Momentum at production vertex</data>
            <data type="float" name="mass"></data>
            <data type="float" name="charge"></data>
	    <if condition="1000*major+minor&lt;9"> 
               <if condition="nDaughter==0">
                  <data type="double[3]" name="endpoint"/>
               </if>
            <else/>
               <if condition="(simulatorStatus&amp;(1&lt;&lt;31)) != 0">
                  <data type="double[3]" name="endpoint"/>
		  <if condition="1000*major+minor&gt;2006">
		    <data type="float[3]" name="momentum">Momentum at endpoint</data>
		  </if>
               </if>               
            </if>
            <if condition="1000*major+minor&gt;1051">
                <data type="float[3]" name="spin"></data>
                <data type="int[2]" name="colorflow"></data>
            </if>
         </repeat>
      </block>
      <block name="SimTrackerHit" major="2" minor="7">
         <data type="int" name="flags">Bit 31 Barrel = 0, Endcap = 1, Bit 30 momentum (not) stored: 1(0), Bits 0-15 user/detector specific</data>
         <include subroutine="namedParameters"/>
         <data type="int" name="n"></data>
         <repeat count="n">
            <data type="int" name="cellID0">Detector specific</data>
            <if condition="1000*major+minor&gt;1051">
        	    <if condition="(flags&amp;(1&lt;&lt;29)) != 0">
                    <data type="int" name="cellId1">second word for cell id</data>
                </if>
            </if>

            <data type="double[3]" name="position"></data>

            <if condition="1000*major+minor&gt;1012">
                <data type="float" name="EDep">energy deposited on the hit</data>
            <else/>
                <data type="float" name="dedx">DEPRECATED. renamed to EDep</data>
            </if>

            <data type="float" name="time"></data>
            <data type="pntr" name="MCParticle"></data>
	    <if condition="(flags&amp;(1&lt;&lt;30)) != 0">
	       <data type="float[3]" name="momentum"></data>
               <if condition="1000*major+minor&gt;1006">
                  <data type="float" name="pathLength"></data>
               </if>
	    </if> 
           <if condition="1000*major+minor&gt;1000">
            <data type="ptag" name="this"></data>
           </if>
         </repeat>
      </block>
      <block name="SimCalorimeterHit" major="2" minor="7">
         <data type="int" name="flags">Bit 31 long = 1, short = 0; Bit 30 Barrel = 0, Endcap = 1; 
              Bit 29 cellid1 = 1, no cellid1 = 0; Bit 28 PDG = 1, no PDG =0, Bits 0-15 user/detector specific</data>
         <include subroutine="namedParameters"/>
         <data type="int" name="nHits"></data>
         <repeat count="nHits">
            <data type="int" name="cellId0">Defines cell ID in detector specific way</data>
	    <if condition="1000*major+minor&lt;9||(flags&amp;(1&lt;&lt;29)) != 0">
                <data type="int" name="cellId1">second word for cell id</data>
            </if>
            <data type="float" name="energy"></data>
	    <if condition="(flags&amp;(1&lt;&lt;31)) != 0">
		<data type="float[3]" name="position"></data>
	    </if> 
            <data type="int" name="nContributions"></data>
            <repeat count="nContributions">
		<data type="pntr" name="MCParticle"></data>
		<data type="float" name="energyContrib"></data>
		<data type="float" name="time"></data>
		<if condition="(flags&amp;(1&lt;&lt;28)) != 0">
		   <data type="int" name="PDG"></data>
           <if condition="1000*major+minor&gt;1051">
		        <data type="float[3]" name="stepPosition"></data>
		    </if>
		</if>

            </repeat>
           <if condition="1000*major+minor&gt;1000">
             <data type="ptag" name="this"></data>
           </if>
         </repeat>
      </block>
      <block name="LCFloatVec" major="2" minor="7">
         <data type="int" name="flags">not yet used, Bits 0-15 user/detector specific</data>
         <include subroutine="namedParameters"/>
         <data type="int" name="nVectors"></data>
         <repeat count="nVectors">
	    <data type="int" name="nElements"></data>
            <repeat count="nElements">
	       <data type="float" name="value"></data>
            </repeat>
           <if condition="1000*major+minor&gt;1002">
             <data type="ptag" name="this"></data>
           </if>
         </repeat>
      </block>
      <block name="LCIntVec" major="2" minor="7">
         <data type="int" name="flags">not yet used, Bits 0-15 user/detector specific</data>
         <include subroutine="namedParameters"/>
         <data type="int" name="nVectors"></data>
         <repeat count="nVectors">
	    <data type="int" name="nElements"></data>
            <repeat count="nElements">
	       <data type="int" name="value"></data>
            </repeat>
           <if condition="1000*major+minor&gt;1002">
             <data type="ptag" name="this"></data>
           </if>
         </repeat>
      </block>
      <block name="LCStrVec" major="2" minor="7">
         <data type="int" name="flags">not yet used, Bits 0-15 user/detector specific</data>
         <include subroutine="namedParameters"/>
         <data type="int" name="nVectors"></data>
         <repeat count="nVectors">
	    <data type="int" name="nElements"></data>
            <repeat count="nElements">
	       <data type="string" name="value"></data>
            </repeat>
           <if condition="1000*major+minor&gt;1002">
             <data type="ptag" name="this"></data>
           </if>
         </repeat>
      </block>
      <block name="RawCalorimeterHit" major="2" minor="7">
         <data type="int" name="flags">Bit 31 long = 1, short = 0; Bit 30 Barrel = 0, Endcap = 1; 
              Bit 29 cellid1 = 1, no cellid1 = 0;Bit 28 = 1: don't store ptr tag;
	      Bit 27 = 1: timeStamp stored; Bits 0-15 user/detector specific</data>
         <include subroutine="namedParameters"/>
         <data type="int" name="nHits"></data>
         <repeat count="nHits">
            <data type="int" name="cellId0">Defines cell ID in detector specific way</data>
	    <if condition="1000*major+minor==8||(flags&amp;(1&lt;&lt;29)) != 0">
                <data type="int" name="cellId1">second word for cell id</data>
            </if>
            <data type="int" name="amplitude"></data>
	    <if condition="(flags&amp;(1&lt;&lt;27)) != 0">
	       <data type="int" name="timeStamp"></data>
	    </if>
	    <if condition="(flags&amp;(1&lt;&lt;28)) == 0">
              <data type="ptag" name="this"></data>
	    </if>
         </repeat>
      </block>
      <block name="CalorimeterHit" major="2" minor="7">
         <data type="int" name="flags">Bit 31 long = 1, short = 0; Bit 30 Barrel = 0, Endcap = 1; 
              Bit 29 cellid1 = 1, no cellid1 = 0;
	      Bit 27 = 1: timeStamp stored; Bit 26 = 1: energy error stored;
              Bits 0-15 user/detector specific</data>
         <include subroutine="namedParameters"/>
         <data type="int" name="nHits"></data>
         <repeat count="nHits">
            <data type="int" name="cellId0">Defines cell ID in detector specific way</data>
	    <if condition="1000*major+minor==8||(flags&amp;(1&lt;&lt;29)) != 0">
                <data type="int" name="cellId1">second word for cell id</data>
            </if>
            <data type="float" name="energy"></data>
	    <if condition="1000*major+minor&gt;1009&amp;&amp;(flags&amp;(1&lt;&lt;26)) != 0">
            <data type="float" name="energyError"></data>
        </if>
	    <if condition="1000*major+minor&gt;1002&amp;&amp;(flags&amp;(1&lt;&lt;27)) != 0">
	       <data type="float" name="time"></data>
	    </if>
	    <if condition="(flags&amp;(1&lt;&lt;31)) != 0">
	       <data type="float[3]" name="position"></data>
	    </if>
	    <if condition="1000*major+minor&gt;1002">
	       <data type="int" name="type"></data>
	       <data type="pntr" name="rawHit"></data>
	    </if>
            <if condition="1000*major+minor&gt;1002">
              <data type="ptag" name="this"></data>
	    <else/>
	      <if condition="(flags&amp;(1&lt;&lt;28)) != 0">
                <data type="ptag" name="this"></data>
	      </if>
            </if>
         </repeat>
      </block>
      <block name="TrackerHit" major="2" minor="7">
         <data type="int" name="flags">Bits 0-15 user/detector specific</data>
         <include subroutine="namedParameters"/>
         <data type="int" name="n"></data>
         <repeat count="n">
	   <if condition="1000*major+minor&gt;1051">
 	     <data type="int" name="cellId0">Detector specific</data>
	     <if condition="(flags&amp;(1&lt;&lt;31)) != 0">
	       <data type="int" name="cellId1">second word for cell id</data>
	     </if>
	   </if>
	   <if condition="1000*major+minor&gt;1002">
	     <data type="int" name="type">Type of Track - encoded in parameters TrackerHitTypeName and
	     TrackerHitTypeValue</data>
	   </if>
	   <data type="double[3]" name="position"></data>
	   <data type="float[6]" name="covariance">Covariance Matrix of position (x,y,z)</data>
	   <if condition="1000*major+minor&gt;1012">
	     <data type="float" name="EDep">energy deposited on the hit</data>
	     <data type="float" name="EDepError">error measured on EDep</data>
	   <else/>
	     <data type="float" name="dedx">DEPRECATED. renamed to EDep</data>
	   </if>
            <data type="float" name="time"></data>
            <if condition="1000*major+minor&gt;1011">
            <data type="int" name="quality">quality flag word</data>
            </if>
            <if condition="1000*major+minor&gt;1002">
              <data type="int" name="nRawHits">number of raw hits</data>
              <repeat count="nRawHits">
	        <data type="pntr" name="rawHit"></data>
              </repeat>
            <else/> 
              <data type="pntr" name="rawHit">pointer to TPCHit,...</data>
            </if>
            <data type="ptag" name="this"></data>
         </repeat>
      </block>
      <block name="TrackerHitPlane" major="2" minor="7">
         <data type="int" name="flags">Bits 0-15 user/detector specific</data>
         <include subroutine="namedParameters"/>
         <data type="int" name="n"></data>
         <repeat count="n">
	   <if condition="1000*major+minor&gt;1051">
 	     <data type="int" name="cellId0">Detector specific</data>
	     <if condition="(flags&amp;(1&lt;&lt;31)) != 0">
	       <data type="int" name="cellId1">second word for cell id</data>
	     </if>
	   </if>
	   <if condition="1000*major+minor&gt;1002">
	     <data type="int" name="type">Type of Track - encoded in parameters TrackerHitTypeName and
	     TrackerHitTypeValue</data>
	   </if>
	   <data type="double[3]" name="position"></data>
	   <!--data type="float[6]" name="covariance">Covariance Matrix of position (x,y,z)</data-->
	   <data type="float[2]" name="u"></data>
	   <data type="float[2]" name="v"></data>
	   <data type="float" name="dU">Measurement error along u</data>
	   <data type="float" name="dV">Measurement error along uMeasurement error along v</data>
	   <data type="float" name="EDep">energy deposited on the hit</data>
	   <data type="float" name="EDepError">error measured on EDep</data>
       <data type="float" name="time"></data>
            <if condition="1000*major+minor&gt;1011">
            <data type="int" name="quality">quality flag word</data>
            </if>
            <if condition="1000*major+minor&gt;1002">
              <data type="int" name="nRawHits">number of raw hits</data>
              <repeat count="nRawHits">
	        <data type="pntr" name="rawHit"></data>
              </repeat>
            <else/> 
              <data type="pntr" name="rawHit">pointer to TPCHit,...</data>
            </if>
            <data type="ptag" name="this"></data>
         </repeat>
      </block>
      <block name="TrackerHitZCylinder" major="2" minor="7">
         <data type="int" name="flags">Bits 0-15 user/detector specific</data>
         <include subroutine="namedParameters"/>
         <data type="int" name="n"></data>
         <repeat count="n">
	   <if condition="1000*major+minor&gt;1051">
 	     <data type="int" name="cellId0">Detector specific</data>
	     <if condition="(flags&amp;(1&lt;&lt;31)) != 0">
	       <data type="int" name="cellId1">second word for cell id</data>
	     </if>
	   </if>
	   <if condition="1000*major+minor&gt;1002">
	     <data type="int" name="type">Type of Track - encoded in parameters TrackerHitTypeName and
	     TrackerHitTypeValue</data>
	   </if>
	   <data type="double[3]" name="position"></data>
	   <!--data type="float[6]" name="covariance">Covariance Matrix of position (x,y,z)</data-->
	   <data type="float[2]" name="center"></data>
	   <data type="float" name="dRPhi">Measurement error along RPhi</data>
	   <data type="float" name="dZ">Measurement error along z</data>
	   <data type="float" name="EDep">energy deposited on the hit</data>
	   <data type="float" name="EDepError">error measured on EDep</data>
       <data type="float" name="time"></data>
            <if condition="1000*major+minor&gt;1011">
            <data type="int" name="quality">quality flag word</data>
            </if>
            <if condition="1000*major+minor&gt;1002">
              <data type="int" name="nRawHits">number of raw hits</data>
              <repeat count="nRawHits">
	        <data type="pntr" name="rawHit"></data>
              </repeat>
            <else/> 
              <data type="pntr" name="rawHit">pointer to TPCHit,...</data>
            </if>
            <data type="ptag" name="this"></data>
         </repeat>
      </block>
      <block name="TPCHit" major="2" minor="7">
         <data type="int" name="flags">Bit 31 no raw data = 0, raw data = 1, Bits 0-15 user/detector specific</data>
         <include subroutine="namedParameters"/>
         <data type="int" name="n"></data>
         <repeat count="n">
            <data type="int" name="cellID">Detector specific</data>
            <data type="float" name="time"></data>
            <data type="float" name="charge"></data>
            <data type="int" name="quality"></data>
	    <if condition="(flags&amp;(1&lt;&lt;31)) != 0">
            <data type="int" name="nRawDataWords"></data>
            <repeat count="nRawDataWords">
		<data type="int" name="rawDataWord"></data>
            </repeat>
	    </if>
            <if condition="1000*major+minor&gt;1002">
	      <if condition="(flags&amp;(1&lt;&lt;30)) == 0">
                <data type="ptag" name="this"></data>
	      </if>
	    <else/>
	      <if condition="(flags&amp;(1&lt;&lt;30)) != 0">
                <data type="ptag" name="this"></data>
	      </if>
            </if>
         </repeat>
      </block>
      <block name="TrackerRawData" major="2" minor="7">
         <data type="int" name="flags">Bits 0-15 user/detector specific</data>
         <include subroutine="namedParameters"/>
         <data type="int" name="n"></data>
         <repeat count="n">
            <data type="int" name="cellID0">cell id</data>
	    <if condition="(flags&amp;(1&lt;&lt;31)) != 0">
                <data type="int" name="cellID1">second word for cell id</data>
            </if>
            <data type="int" name="time">time</data>

            <data type="int" name="nADC"></data>
            <repeat count="nADC">
		<data type="short" name="ADCValues"></data>
            </repeat>
            <data type="ptag" name="this"></data>
         </repeat>
      </block>
      <block name="TrackerData" major="2" minor="7">
         <data type="int" name="flags">Bits 0-15 user/detector specific</data>
         <include subroutine="namedParameters"/>
         <data type="int" name="n"></data>
         <repeat count="n">
            <data type="int" name="cellID0">cell id</data>
	    <if condition="(flags&amp;(1&lt;&lt;31)) != 0">
                <data type="int" name="cellID1">second word for cell id</data>
            </if>
            <data type="float" name="time">time</data>

            <data type="int" name="nCharge"></data>
            <repeat count="nCharge">
		<data type="float" name="chargeValues"></data>
            </repeat>
            <data type="ptag" name="this"></data>
         </repeat>
      </block>
      <block name="TrackerPulse" major="2" minor="7">
         <data type="int" name="flags">Bits 0-15 user/detector specific</data>
         <include subroutine="namedParameters"/>
         <data type="int" name="n"></data>
         <repeat count="n">
            <data type="int" name="cellID0">cell id</data>
	    <if condition="(flags&amp;(1&lt;&lt;31)) != 0">
                <data type="int" name="cellID1">second word for cell id</data>
            </if>
            <data type="float" name="time">time of pulse</data>
            <data type="float" name="charge">charge</data>
            <!--if condition="1000*major+minor&gt;1012">
                <data type="float" name="timeError"></data>
                <data type="float" name="chargeError"></data>
            </if-->
            <if condition="1000*major+minor&gt;1012">
                <if condition="(flags&amp;(1&lt;&lt;30)) != 0">
                    <data type="float[3]" name="covariance">Covariance Matrix of charge (c) and time (t) measurements</data>
                </if>
            </if>
            <data type="int" name="quality">quality flag word</data>
 	    <data type="pntr" name="tpcCorrectedData">the spectrum used to create the pulse</data>
            <data type="ptag" name="this"></data>
         </repeat>
      </block>
      <block name="SiliconRawHit" major="2" minor="7">
         <data type="int" name="flags">Bits 0-15 user/detector specific</data>
         <include subroutine="namedParameters"/>
         <data type="int" name="n"></data>
         <repeat count="n">
            <data type="int" name="cellID0"></data>
            <data type="int" name="cellID1"></data>
            <data type="int" name="timeStamp"></data>
            <data type="int" name="adcCounts"></data>
            <data type="ptag" name="this"></data>
         </repeat>
      </block>
    <block name="Track" major="2" minor="7">
      <data type="int" name="flag">Bit 31 Hits are kept =1, Hits are not kept = 0</data>
      <include subroutine="namedParameters"/>
      <data type="int" name="nTrack"/>
      <repeat count="nTrack">
	<data type="int" name="type">Type of Track, e.g. TPC, VTX, SIT</data>

    <if condition="1000*major+minor&gt;1099">
        <data type="int" name="nTrackStates"></data>
        <repeat count="nTrackStates">
           <data type="int" name="location">Location of the TrackState</data>
            <data type="float" name="d0">Impact Parameter in r-phi</data>
            <data type="float" name="phi">Phi of track in r-phi</data>
            <data type="float" name="omega">curvature signed with charge</data>
            <data type="float" name="z0">Impact Parameter in r-z</data>
            <data type="float" name="tanLambda">tangent of dip angle in r-z</data>

            <data type="float[15]" name="covMatrix"> Covariance matrix</data>
            <data type="float[3]" name="referencePoint">Reference point (x,y,z) </data>

        </repeat>
    <else/>
        <data type="float" name="d0">Impact Parameter in r-phi</data>
        <data type="float" name="phi">Phi of track in r-phi</data>
        <data type="float" name="omega">curvature signed with charge</data>
        <data type="float" name="z0">Impact Parameter in r-z</data>
        <data type="float" name="tanLambda">tangent of dip angle in r-z</data>

        <data type="float[15]" name="covMatrix"> Covariance matrix</data>
        <data type="float[3]" name="referencePoint">Reference point (x,y,z) </data>
    </if>

	<data type="float" name="chi2">chi**2 of fit</data>
	<data type="int" name="ndf">ndf of fit</data>
	<data type="float" name="dEdx">dEdx</data>
	<data type="float" name="dEdxError">Error of dEdx</data>
	<data type="float" name="radiusOfInnermostHit">radius of innermost hit used in track fit</data>
	<data type="int" name="nHitNumbers"></data>
	<repeat count="nHitNumbers">
	  <data type="int" name="subdetectorHitNumbers">number of hits in particular subdetectors. TODO need way to define mapping in run/event header</data>
	</repeat>
	<data type="int" name="nTracks"></data>
	<repeat count="nTracks">
	  <data type="pntr" name="Track">tracks that have been combined to this track</data>
	</repeat>
	<if condition="(flag&amp;(1&lt;&lt;31)) !=0">
	  <data type="int" name="n"/>
	  <repeat count="n">
	    <data type="pntr" name="TrackerHit"/>
	  </repeat>
	</if>
      <data type="ptag" name="this"></data>
      </repeat>
    </block>
    <block name="Cluster" major="2" minor="7">
      <data type="int" name="flag">Bit 31 Hits are kept =0, Hits are not kept = 1</data>
      <include subroutine="namedParameters"/>
      <data type="int" name="nCluster"/>
      <repeat count="nCluster">
	<data type="int" name="type"> Type of cluster:(bits31-16): ECAL,HCAL,COMBINED,LAT,LCAL
	(bits15-0): NEUTRAL, CHARGED ,UNDEFINED</data>
	<!--data type="int" name="linktype"> NEUTRAL, CHARGED ,UNDEFINED</data-->
	<data type="float" name="energy">Energy of the cluster </data>
    <if condition="1000*major+minor&gt;1051">
	    <data type="float" name="energyError">Energy error of the cluster </data>
    </if>
	<data type="float[3]" name="position">Center of cluster (x,y,z): to be defined</data>
	<data type="float[6]" name="errpos">cov matrix of position</data>
	<data type="float" name="theta">intrinsic direction: theta at position</data>
	<data type="float" name="phi">intrinsic direction: phi at position</data>
	<data type="float[3]" name="errdir">cov matrix of direction</data>

        <if condition="1000*major+minor&gt;1002">
          <data type="int" name="nParams"></data>
	  <repeat count="nParams">
	  <data type="float" name="shape">Shape parameters, defined in collection parameter 
                ShapeParameterNames</data>
	  </repeat>
       	  <data type="int" name="npid"/>
	  <repeat count="npid">
	    <data type="float" name="likelihood"/>
	    <data type="int" name="type"/>
	    <data type="int" name="pdg"/>
	    <data type="int" name="algorithmType"/>
	    <data type="int" name="npar"/>
	    <repeat count="npar">
	       <data type="float" name="parameter"/>
            </repeat>
	  </repeat>
        <else/>
	  <data type="float[6]" name="shape"> Shape parameters, TO BE DEFINED</data>
  	  <data type="float[3]" name="particletype">weight to be compatible with EM,HAD,muoncluster</data>
        </if>	  
        <data type="int" name="nClusters"></data>
	<repeat count="nClusters">
	  <data type="pntr" name="Clusters">clusters that have been combined to this cluster</data>
	</repeat>
	<if condition="(flag&amp;(1&lt;&lt;31)) !=0">
	  <data type="int" name="n"/>
	  <repeat count="n">
	    <data type="pntr" name="CalorimeterHit"/>
	    <data type="float" name="Contribution">Energy fraction of the hit that contributed to this cluster</data> 
	  </repeat>
	</if>
        <data type="int" name="nEnergies"></data>
	<repeat count="nEnergies">
	  <data type="float" name="subdetectorEnergy">energy observed in a particular subdetector</data>
	</repeat>
        <data type="ptag" name="this"></data>
      </repeat>
    </block>
    <block name="Vertex" major="2" minor="7">
      <data type="int" name="flag"></data>
      <include subroutine="namedParameters"/>
      <data type="int" name="nVertex"></data>
      <repeat count="nVertex">
	<data type="int" name="primary">primary vertex of the event</data>
	<data type="int" name="type">algorithm type</data>
	<data type="float" name="chi2">chi**2 of vertex</data>
	<data type="float" name="probability">?probability of the fit?</data>
	<data type="float[3]" name="position">position of the vertex (px,py,pz)</data>
	<data type="float[6]" name="covariance">covariance matrix</data>
	<data type="int" name="npar"/>
	<repeat count="npar">
	  <data type="float" name="parameter"/>
        </repeat>
	<data type="pntr" name="associatedParticle">reconstructed particle associated to the vertex</data>
        <data type="ptag" name="this"></data>
    </repeat>
    </block>
    <block name="ReconstructedParticle" major="2" minor="7">
      <data type="int" name="flag"></data>
      <include subroutine="namedParameters"/>
      <data type="int" name="nObject"/>
      <repeat count="nObject">
        <data type="int" name="typeFlag">particle type - see  collection parameters 
              ReconstructedParticleTypeNames and ReconstructedParticleTypeValues</data>
	<!--data type="int" name="type">single particle, compound particle (V0,B), jet</data-->
        <data type="float[3]" name="momentum">(px, py, pz)</data>
        <data type="float" name="energy">E</data>
	<data type="float[10]" name="covariance">cov matrix for 4-Vec (px,py,pz,E)</data>
	<data type="float" name="mass">mass of object used for 4vec</data>
	<data type="float" name="charge"/>
	<data type="float[3]" name="reference"> reference point for 4-vec</data>
	<data type="int" name="npid"/>
	<repeat count="npid">
          <if condition="1000*major+minor&gt;1002">
	    <data type="float" name="likelihood"/>
	    <data type="int" name="type"/>
	    <data type="int" name="pdg"/>
	    <data type="int" name="algorithmType"/>
	    <data type="int" name="npar"/>
	    <repeat count="npar">
	       <data type="float" name="parameter"/>
            </repeat>
            <data type="ptag" name="pid"></data>
	  <else/>
	    <data type="float" name="probability"/>
	    <data type="int" name="typeID"/>
	    <data type="string" name="identifier"/>
	    <data type="int" name="npar"/>
	    <repeat count="npar">
	       <data type="float" name="parameter"/>
            </repeat>
	  </if>
	</repeat>
        <if condition="1000*major+minor&gt;1002">
          <data type="pntr" name="ParticleIDUsed"></data>
	  <data type="float" name="goodnessOfPID">overall quality of the particle 
           identification</data>
	</if>
        <data type="int" name="nrecopart"/>
        <repeat count="nrecopart">
	  <data type="pntr" name="ReconstructedParticle"></data>
          <if condition="1000*major+minor&lt;1003">
	    <data type="float" name="weight">weight of contribution</data>
          </if>
        </repeat>
	<data type="int" name="ntrk"/>
	<repeat count="ntrk">
	  <data type="pntr" name="Track"/>
          <if condition="1000*major+minor&lt;1003">
	    <data type="float" name="weight">TODO: to be defined </data>
          </if>
	</repeat>
	<data type="int" name="ncal"/>
	<repeat count="ncal">
	  <data type="pntr" name="Cluster"/>
          <if condition="1000*major+minor&lt;1003">
	    <data type="float" name="weight">TODO: to be defined </data>
          </if>
	</repeat>
	<if condition="1000*major+minor&gt;1007">
	  <data type="pntr" name="startVertex">start vertex associated to the particle</data>
	  <!--data type="pntr" name="endVertex">end vertex associated to the particle</data-->
	</if>
        <if condition="1000*major+minor&lt;1003">
	  <data type="int" name="nmc"/>
	  <repeat count="nmc">
	    <data type="pntr" name="MCParticle"/>
	    <data type="float" name="weight">weight of assignment</data>
	  </repeat>
        </if>
        <data type="ptag" name="this"></data>
      </repeat>
    </block>
    <block name="LCGenericObject" major="2" minor="7">
      <data type="int" name="flag"></data>
        <include subroutine="namedParameters"/>
        <if condition="(flag&amp;(1&lt;&lt;31)) !=0">
	  <data type="int" name="nInt">number of ints for fixed size objects</data>
	  <data type="int" name="nFloat">number of floats for fixed size objects</data>
	  <data type="int" name="nDouble">number of doubles for fixed size objects</data>
	</if>
      <data type="int" name="nObject"/>
      <repeat count="nObject">
        <if condition="(flag&amp;(1&lt;&lt;31)) ==0">
	  <data type="int" name="nInt">number of ints for variable size objects</data>
	  <data type="int" name="nFloat">number of floats for variable size objects</data>
	  <data type="int" name="nDouble">number of doubles for variable size objects</data>
	</if>
	<repeat count="nInt">
	  <data type="int" name="intValue">integer value</data>
	</repeat>
	<repeat count="nFloat">
	  <data type="float" name="floatValue">float value</data>
	</repeat>
	<repeat count="nDouble">
	  <data type="double" name="doubleValue">double value</data>
	</repeat>
        <data type="ptag" name="this"></data>
      </repeat>
    </block>
    <block name="LCRelation" major="2" minor="7">
       <data type="int" name="flag">Bit 31: 1[0] Weights are [not] stored</data>
       <include subroutine="namedParameters"/>
       <data type="int" name="nRelations"/>
       <repeat count="nRelations">
          <data type="pntr" name="LCObjectFrom">the 'from' side of the relation</data>
	  <data type="pntr" name="LCObjectTo">the 'pointed to' side of the relation</data>
	  <if condition="(flag&amp;(1&lt;&lt;31)) !=0">
	    <data type="float" name="weight">weight of the relation</data>
	  </if>
       </repeat>
    </block>
      <!-- generic block description for subset collections that hold references to existing objects -->
      <block name="References" major="2" minor="7">
         <data type="int" name="flags"></data>
         <include subroutine="namedParameters"/>
         <data type="int" name="nReferences"></data>
         <repeat count="nReferences">
            <data type="pntr" name="originalObject"></data>
         </repeat>
      </block>
  </record>
  <subroutine name="namedParameters">
    <if condition="1000*major+minor&gt;1001">
      <data type="int" name="nIntParameters">number of named integer parameter entries</data>
      <repeat count="nIntParameters">
         <data type="string" name="key">key (name) of parameter</data>
         <data type="int" name="nVals">number of values for this parameter</data>
         <repeat count="nVals">
           <data type="int" name="value"></data>
         </repeat>
      </repeat>
      <data type="int" name="nFloatParameters">number of named float parameter entries</data>
      <repeat count="nFloatParameters">
         <data type="string" name="key">key (name) of parameter</data>
         <data type="int" name="nVals">number of values for this parameter</data>
         <repeat count="nVals">
           <data type="float" name="value"></data>
         </repeat>
      </repeat>
      <data type="int" name="nStringParameters">number of named string parameter entries</data>
      <repeat count="nStringParameters">
         <data type="string" name="key">key (name) of parameter</data>
         <data type="int" name="nVals">number of values for this parameter</data>
         <repeat count="nVals">
           <data type="string" name="value"></data>
         </repeat>
      </repeat>
    </if>
  </subroutine>
</sio>
